<?xml version="1.0"?>
<!DOCTYPE modification SYSTEM "http://www.simplemachines.org/xml/modification">
<modification xmlns="www.simplemachines.org/xml/modification">
	<id>cleantalk:antispam</id>
	<version>2.18</version>
    <file name="$sourcedir/Post.php">
        <operation error="fatal">
            <search position="after"><![CDATA[createPost($msgOptions, $topicOptions, $posterOptions);]]></search>
            <add><![CDATA[cleantalk_check_message($msgOptions, $topicOptions, $posterOptions);]]>
            </add>
        </operation>
    </file>
    <file name="$sourcedir/Subs-Post.php">
        <operation error="fatal">
            <search position="after"><![CDATA[// Increase the number of posts and topics on the board.]]></search>
            <add><![CDATA[cleantalk_after_create_topic($msgOptions, $topicOptions, $posterOptions);]]></add>
        </operation>
    </file>
</modification>
