<?xml version="1.0"?>
<!DOCTYPE package-info SYSTEM "http://www.simplemachines.org/xml/package-info">
<package-info xmlns="http://www.simplemachines.org/xml/package-info" xmlns:smf="http://www.simplemachines.org/">
	<id>cleantalk:antispam</id>
	<name>Anti-spam by CleanTalk</name>
	<type>modification</type>
	<version>2.18</version>
	<install for="2.0 - 2.1.99">
		<readme type="file" parsebbc="true">readme.txt</readme>
		<readme type="file" parsebbc="true" lang="russian-utf8">readme_russian.txt</readme>
		<create-dir name="cleantalk" destination="$sourcedir"/>
		<require-file name="cleantalkMod.php" destination="$sourcedir/cleantalk">Mod main file</require-file>
		<require-file name="lib/Cleantalk.php" destination="$sourcedir/cleantalk">Base class</require-file>
		<require-file name="lib/CleantalkRequest.php" destination="$sourcedir/cleantalk">Extend for base class</require-file>
		<require-file name="lib/CleantalkResponse.php" destination="$sourcedir/cleantalk">Extend for base class</require-file>
		<require-file name="lib/CleantalkHelper.php" destination="$sourcedir/cleantalk">Helper functions</require-file>
		<require-file name="lib/CleantalkSFW.php" destination="$sourcedir/cleantalk">SFW class</require-file>
		<require-file name="lib/phpFix.php" destination="$sourcedir/cleantalk">Fix for old PHP versions</require-file>
		<require-file name="lib/sfw_die_page.html" destination="$sourcedir/cleantalk">SFW die page</require-file>
		<require-file name="attention.png" destination="$sourcedir/cleantalk">attention picture</require-file>
		<modification format="xml" type="file">modification.xml</modification>
		<modification format="xml" type="file">languages/english.xml</modification>
		<modification format="xml" type="file">languages/english-utf8.xml</modification>
		<modification format="xml" type="file">languages/russian.xml</modification>
		<modification format="xml" type="file">languages/russian-utf8.xml</modification>
		<database>install.php</database>
		<redirect url="$boardurl/index.php?action=admin;area=modsettings" type="inline">Please stand by while
			you are being redirected to this mod configuration settings.
		</redirect>
	</install>
	<uninstall for="2.0 - 2.1.99">
		<database>install.php</database>
		<modification format="xml" type="file" reverse="true">modification.xml</modification>
		<modification format="xml" type="file" reverse="true">languages/english.xml</modification>
		<modification format="xml" type="file" reverse="true">languages/english-utf8.xml</modification>
		<modification format="xml" type="file" reverse="true">languages/russian.xml</modification>
		<modification format="xml" type="file" reverse="true">languages/russian-utf8.xml</modification>
		<remove-dir name="$sourcedir/cleantalk/"/>
	</uninstall>
	<upgrade from="1.80 - 2.11">
		<readme type="inline" parsebbc="true">
			<![CDATA[[size=14pt][color=red]Please uninstall old version cleantalk mod when installing newer version![/color][/size]]]>
		</readme>
	</upgrade>
	<upgrade from="2.12 - 2.15">
		<readme type="inline" parsebbc="true">This upgrade for Antispam by Cleantalk to 2.18 version:
			- Fix SFW update on save settings
			- Change SFW template
			- Remove plugin settings on uninstall
			- Fix sfw_create_table query
			- Fix create_table for sql_lite
			- IPv6 support
			- Update sfw_networks on plugin install
			- First post checking now checking all messages from users with newbie group 
			- Bug fixes and other minor improvements
		</readme>
		<readme type="inline" parsebbc="true" lang="russian-utf8">Обновление Анти-спама от Cleantalk до версии 2.18:
			- Исправлено обновление базы SpamFireWall при сохранении настроек
			- Изменен шаблон для SpamFireWall
			- Удаление настроек из БД при удалении плагина
			- Исправлен скрипт создания таблиц для SpamFireWall
			- Исправлен скрипт создания таблиц для sql_lite
			- Поддержка IPV6
			- Обновление баз SpamFireWall при установке плагина
			- Опция "Проверки первого сообщения" изменена на проверку всех сообщений от новых пользователей  
			- Устранение багов и остальные незначительные улучшения
		</readme>
		<create-dir name="cleantalk" destination="$sourcedir"/>
		<require-file name="cleantalkMod.php" destination="$sourcedir/cleantalk">Mod main file</require-file>
		<require-file name="lib/Cleantalk.php" destination="$sourcedir/cleantalk">Base class</require-file>
		<require-file name="lib/CleantalkRequest.php" destination="$sourcedir/cleantalk">Extend for base class</require-file>
		<require-file name="lib/CleantalkResponse.php" destination="$sourcedir/cleantalk">Extend for base class</require-file>
		<require-file name="lib/CleantalkHelper.php" destination="$sourcedir/cleantalk">Helper functions</require-file>
		<require-file name="lib/CleantalkSFW.php" destination="$sourcedir/cleantalk">SFW class</require-file>
		<require-file name="lib/phpFix.php" destination="$sourcedir/cleantalk">Fix for old PHP versions</require-file>
		<require-file name="lib/sfw_die_page.html" destination="$sourcedir/cleantalk">SFW die page</require-file>
		<require-file name="attention.png" destination="$sourcedir/cleantalk">attention picture</require-file>
		<modification format="xml" type="file">modification.xml</modification>
		<modification format="xml" type="file">languages/english.xml</modification>
		<modification format="xml" type="file">languages/english-utf8.xml</modification>
		<modification format="xml" type="file">languages/russian.xml</modification>
		<modification format="xml" type="file">languages/russian-utf8.xml</modification>
		<database>install.php</database>
		<redirect url="$boardurl/index.php?action=admin;area=modsettings" type="inline">Please stand by while
			you are being redirected to this mod configuration settings.
		</redirect>			
	</upgrade>
	<upgrade from="2.16">
		<readme type="inline" parsebbc="true">This upgrade for Antispam by Cleantalk from 2.16 to 2.18 version:
			- Fix create_table for sql_lite
			- IPv6 support
			- Update sfw_networks on plugin install
			- First post checking now checking all messages from users with newbie group 			
			- Bug fixes and other minor improvements
		</readme>
		<readme type="inline" parsebbc="true" lang="russian-utf8">Обновление Анти-спама от Cleantalk с версии 2.16 до 2.18:
			- Исправлен скрипт создания таблиц для sql_lite
			- Поддержка IPV6
			- Обновление баз SpamFireWall при установке плагина
			- Опция "Проверки первого сообщения" изменена на проверку всех сообщений от новых пользователей  
			- Устранение багов и остальные незначительные улучшения
		</readme>
		<create-dir name="cleantalk" destination="$sourcedir"/>
		<require-file name="cleantalkMod.php" destination="$sourcedir/cleantalk">Mod main file</require-file>
		<require-file name="lib/Cleantalk.php" destination="$sourcedir/cleantalk">Base class</require-file>
		<modification format="xml" type="file">modification.xml</modification>
		<modification format="xml" type="file">languages/english.xml</modification>
		<modification format="xml" type="file">languages/english-utf8.xml</modification>
		<modification format="xml" type="file">languages/russian.xml</modification>
		<modification format="xml" type="file">languages/russian-utf8.xml</modification>		
		<database>install.php</database>
		<redirect url="$boardurl/index.php?action=admin;area=modsettings" type="inline">Please stand by while
			you are being redirected to this mod configuration settings.
		</redirect>			
	</upgrade>
	<upgrade from="2.17">
		<readme type="inline" parsebbc="true">This upgrade for Antispam by Cleantalk from 2.17 to 2.18 version:	
			- Bug fixes and other minor improvements
		</readme>
		<readme type="inline" parsebbc="true" lang="russian-utf8">Обновление Анти-спама от Cleantalk с версии 2.17 до 2.18:	
			- Устранение багов и остальные незначительные улучшения
		</readme>
		<create-dir name="cleantalk" destination="$sourcedir"/>
		<require-file name="cleantalkMod.php" destination="$sourcedir/cleantalk">Mod main file</require-file>
		<modification format="xml" type="file">modification.xml</modification>
		<modification format="xml" type="file">languages/english.xml</modification>
		<modification format="xml" type="file">languages/english-utf8.xml</modification>
		<modification format="xml" type="file">languages/russian.xml</modification>
		<modification format="xml" type="file">languages/russian-utf8.xml</modification>	
		<database>install.php</database>
		<redirect url="$boardurl/index.php?action=admin;area=modsettings" type="inline">Please stand by while
			you are being redirected to this mod configuration settings.
		</redirect>			
	</upgrade>
</package-info>
